Unique Key,Created Date,Closed Date,Agency,Agency Name,Complaint Type,Descriptor,Location Type,Incident Zip,Incident Address,Street Name,Cross Street 1,Cross Street 2,Intersection Street 1,Intersection Street 2,Address Type,City,Landmark,Facility Type,Status,Due Date,Resolution Action Updated Date,Community Board,Borough,X Coordinate (State Plane),Y Coordinate (State Plane),Park Facility Name,Park Borough,School Name,School Number,School Region,School Code,School Phone Number,School Address,School City,School State,School Zip,School Not Found,School or Citywide Complaint,Vehicle Type,Taxi Company Borough,Taxi Pick Up Location,Bridge Highway Name,Bridge Highway Direction,Road Ramp,Bridge Highway Segment,Garage Lot Name,Ferry Direction,Ferry Terminal Name,Latitude,Longitude,Location
31464015,09/04/2015 12:00:00 AM,09/18/2015 12:00:00 AM,DOHMH,Department of Health and Mental Hygiene,Rodent,Rat Sighting,3+ Family Mixed Use Building,10006,,,,,TRINITY PLACE,RECTOR STREET,INTERSECTION,NEW YORK,,N/A,Closed,10/04/2015 03:01:02 PM,09/18/2015 12:00:00 AM,01 MANHATTAN,MANHATTAN,980656,197137,Unspecified,MANHATTAN,Unspecified,Unspecified,Unspecified,Unspecified,Unspecified,Unspecified,Unspecified,Unspecified,Unspecified,N,,,,,,,,,,,,40.70777155363643,-74.01296309970473,"(40.70777155363643, -74.01296309970473)"
31464024,09/04/2015 12:00:00 AM,10/28/2015 12:00:00 AM,DOHMH,Department of Health and Mental Hygiene,Rodent,Rat Sighting,Commercial Building,10306,2270 HYLAN BOULEVARD,HYLAN BOULEVARD,,,,,LATLONG,STATEN ISLAND,,N/A,Closed,10/04/2015 10:02:58 AM,10/28/2015 12:00:00 AM,Unspecified STATEN ISLAND,STATEN ISLAND,955207,148858,Unspecified,STATEN ISLAND,Unspecified,Unspecified,Unspecified,Unspecified,Unspecified,Unspecified,Unspecified,Unspecified,Unspecified,N,,,,,,,,,,,,40.575209242947444,-74.1045465185469,"(40.575209242947444, -74.1045465185469)"
31464025,09/04/2015 12:00:00 AM,,DOHMH,Department of Health and Mental Hygiene,Rodent,Rat Sighting,1-2 Family Dwelling,10310,758 POST AVENUE,POST AVENUE,CARY AVENUE,GREENLEAF AVENUE,,,ADDRESS,STATEN ISLAND,,N/A,Assigned,10/04/2015 11:58:02 AM,09/04/2015 12:03:49 PM,01 STATEN ISLAND,STATEN ISLAND,949033,169278,Unspecified,STATEN ISLAND,Unspecified,Unspecified,Unspecified,Unspecified,Unspecified,Unspecified,Unspecified,Unspecified,Unspecified,N,,,,,,,,,,,,40.63123555151668,-74.12687759748677,"(40.63123555151668, -74.12687759748677)"
31464026,09/04/2015 12:00:00 AM,09/14/2015 12:00:00 AM,DOHMH,Department of Health and Mental Hygiene,Rodent,Rat Sighting,3+ Family Apt. Building,11206,198 SCHOLES STREET,SCHOLES STREET,HUMBOLDT STREET,BUSHWICK AVENUE,,,ADDRESS,BROOKLYN,,N/A,Closed,10/04/2015 06:56:34 AM,09/14/2015 12:00:00 AM,01 BROOKLYN,BROOKLYN,1000550,197585,Unspecified,BROOKLYN,Unspecified,Unspecified,Unspecified,Unspecified,Unspecified,Unspecified,Unspecified,Unspecified,Unspecified,N,,,,,,,,,,,,40.70898692345805,-73.94120690238431,"(40.70898692345805, -73.94120690238431)"
31464027,09/04/2015 12:00:00 AM,09/22/2015 12:00:00 AM,DOHMH,Department of Health and Mental Hygiene,Rodent,Rat Sighting,3+ Family Mixed Use Building,10462,2138 WALLACE AVENUE,WALLACE AVENUE,BRADY AVENUE,LYDIG AVENUE,,,ADDRESS,BRONX,,N/A,Closed,10/04/2015 10:08:27 AM,09/22/2015 12:00:00 AM,11 BRONX,BRONX,1021648,250489,Unspecified,BRONX,Unspecified,Unspecified,Unspecified,Unspecified,Unspecified,Unspecified,Unspecified,Unspecified,Unspecified,N,,,,,,,,,,,,40.85413014360452,-73.86481331044513,"(40.85413014360452, -73.86481331044513)"
31464188,09/04/2015 12:00:00 AM,09/22/2015 12:00:00 AM,DOHMH,Department of Health and Mental Hygiene,Rodent,Rat Sighting,3+ Family Apt. Building,11231,179 LUQUER STREET,LUQUER STREET,CLINTON STREET,COURT STREET,,,ADDRESS,BROOKLYN,,N/A,Closed,10/04/2015 07:59:34 PM,09/22/2015 12:00:00 AM,06 BROOKLYN,BROOKLYN,984607,186007,Unspecified,BROOKLYN,Unspecified,Unspecified,Unspecified,Unspecified,Unspecified,Unspecified,Unspecified,Unspecified,Unspecified,N,,,,,,,,,,,,40.67722299833378,-73.99871293635606,"(40.67722299833378, -73.99871293635606)"
31464195,09/04/2015 12:00:00 AM,09/22/2015 04:26:36 PM,DOHMH,Department of Health and Mental Hygiene,Rodent,Rat Sighting,3+ Family Apt. Building,11354,33-38 PARSONS BOULEVARD,PARSONS BOULEVARD,33 AVENUE,34 AVENUE,,,ADDRESS,Flushing,,N/A,Closed,10/04/2015 11:42:10 AM,09/22/2015 04:26:36 PM,07 QUEENS,QUEENS,1032971,218993,Unspecified,QUEENS,Unspecified,Unspecified,Unspecified,Unspecified,Unspecified,Unspecified,Unspecified,Unspecified,Unspecified,N,,,,,,,,,,,,40.767627333732726,-73.82411151243869,"(40.767627333732726, -73.82411151243869)"
31464199,09/04/2015 12:00:00 AM,,DOHMH,Department of Health and Mental Hygiene,Rodent,Rat Sighting,3+ Family Mixed Use Building,11205,143 CLASSON AVENUE,CLASSON AVENUE,PARK AVENUE,MYRTLE AVENUE,,,ADDRESS,BROOKLYN,,N/A,Assigned,10/04/2015 11:55:26 AM,09/04/2015 11:59:22 AM,03 BROOKLYN,BROOKLYN,994926,192806,Unspecified,BROOKLYN,Unspecified,Unspecified,Unspecified,Unspecified,Unspecified,Unspecified,Unspecified,Unspecified,Unspecified,N,,,,,,,,,,,,40.69587826384473,-73.96149989735699,"(40.69587826384473, -73.96149989735699)"
31464220,09/04/2015 12:00:00 AM,08/19/2015 12:00:00 AM,DOHMH,Department of Health and Mental Hygiene,Rodent,Rat Sighting,Public Stairs,10010,,,,,PARK AVENUE SOUTH,EAST 23 STREET,INTERSECTION,NEW YORK,,N/A,Pending,10/04/2015 10:48:16 AM,09/04/2015 10:51:20 AM,05 MANHATTAN,MANHATTAN,988029,208946,Unspecified,MANHATTAN,Unspecified,Unspecified,Unspecified,Unspecified,Unspecified,Unspecified,Unspecified,Unspecified,Unspecified,N,,,,,,,,,,,,40.74018431877025,-73.986362997997,"(40.74018431877025, -73.986362997997)"
31464802,09/04/2015 12:00:00 AM,09/25/2015 12:00:00 AM,DOHMH,Department of Health and Mental Hygiene,Rodent,Rat Sighting,1-2 Family Dwelling,10303,30 ANDROS AVENUE,ANDROS AVENUE,RICHMOND TERRACE,CHRISTOPHER STREET,,,ADDRESS,STATEN ISLAND,,N/A,Closed,10/04/2015 07:51:16 AM,09/25/2015 12:00:00 AM,01 STATEN ISLAND,STATEN ISLAND,939187,171503,Unspecified,STATEN ISLAND,Unspecified,Unspecified,Unspecified,Unspecified,Unspecified,Unspecified,Unspecified,Unspecified,Unspecified,N,,,,,,,,,,,,40.637298077884196,-74.16236493414125,"(40.637298077884196, -74.16236493414125)"
31464803,09/04/2015 12:00:00 AM,07/30/2015 12:00:00 AM,DOHMH,Department of Health and Mental Hygiene,Rodent,Rat Sighting,Commercial Building,11226,608 EAST   16 STREET,EAST   16 STREET,NEWKIRK AVENUE,FOSTER AVENUE,,,ADDRESS,BROOKLYN,,N/A,Pending,10/04/2015 09:47:26 PM,09/04/2015 10:00:30 PM,14 BROOKLYN,BROOKLYN,994691,170758,Unspecified,BROOKLYN,Unspecified,Unspecified,Unspecified,Unspecified,Unspecified,Unspecified,Unspecified,Unspecified,Unspecified,N,,,,,,,,,,,,40.63536168853866,-73.96238150661041,"(40.63536168853866, -73.96238150661041)"
31464858,09/04/2015 12:00:00 AM,09/15/2015 04:03:54 PM,DOHMH,Department of Health and Mental Hygiene,Rodent,Rat Sighting,3+ Family Apt. Building,11238,CLIFTON PLACE,CLIFTON PLACE,GRAND AVENUE,CLASSON AVENUE,,,BLOCKFACE,BROOKLYN,,N/A,Closed,10/04/2015 08:15:29 PM,09/15/2015 04:03:54 PM,Unspecified BROOKLYN,BROOKLYN,994989,189929,Unspecified,BROOKLYN,Unspecified,Unspecified,Unspecified,Unspecified,Unspecified,Unspecified,Unspecified,Unspecified,Unspecified,N,,,,,,,,,,,,40.687981487572934,-73.96127729131256,"(40.687981487572934, -73.96127729131256)"
31464871,09/05/2015 12:00:00 AM,10/08/2015 11:18:22 AM,DOHMH,Department of Health and Mental Hygiene,Rodent,Rat Sighting,Other (Explain Below),11201,80 DEKALB AVENUE,DEKALB AVENUE,HUDSON AVENUE,NAVY STREET,,,ADDRESS,BROOKLYN,,N/A,Closed,10/05/2015 01:08:57 AM,10/08/2015 11:18:22 AM,02 BROOKLYN,BROOKLYN,989874,190613,Unspecified,BROOKLYN,Unspecified,Unspecified,Unspecified,Unspecified,Unspecified,Unspecified,Unspecified,Unspecified,Unspecified,N,,,,,,,,,,,,40.68986363852689,-73.97972039707659,"(40.68986363852689, -73.97972039707659)"
31464877,09/04/2015 12:00:00 AM,09/10/2015 12:00:00 AM,DOHMH,Department of Health and Mental Hygiene,Rodent,Rat Sighting,3+ Family Mixed Use Building,10003,315 EAST    5 STREET,EAST    5 STREET,2 AVENUE,1 AVENUE,,,ADDRESS,NEW YORK,,N/A,Closed,10/04/2015 05:57:59 PM,09/10/2015 12:00:00 AM,03 MANHATTAN,MANHATTAN,987469,203973,Unspecified,MANHATTAN,Unspecified,Unspecified,Unspecified,Unspecified,Unspecified,Unspecified,Unspecified,Unspecified,Unspecified,N,,,,,,,,,,,,40.72653487825302,-73.98838620844788,"(40.72653487825302, -73.98838620844788)"
31464880,09/04/2015 12:00:00 AM,09/22/2015 12:00:00 AM,DOHMH,Department of Health and Mental Hygiene,Rodent,Rat Sighting,3+ Family Apt. Building,11217,680 DEGRAW STREET,DEGRAW STREET,4 AVENUE,5 AVENUE,,,ADDRESS,BROOKLYN,,N/A,Closed,10/04/2015 09:46:41 AM,09/22/2015 12:00:00 AM,06 BROOKLYN,BROOKLYN,989481,186387,Unspecified,BROOKLYN,Unspecified,Unspecified,Unspecified,Unspecified,Unspecified,Unspecified,Unspecified,Unspecified,Unspecified,N,,,,,,,,,,,,40.67826447404716,-73.98114079799706,"(40.67826447404716, -73.98114079799706)"
31464881,09/04/2015 12:00:00 AM,08/20/2015 12:00:00 AM,DOHMH,Department of Health and Mental Hygiene,Rodent,Rat Sighting,3+ Family Apt. Building,11217,706 DEGRAW STREET,DEGRAW STREET,4 AVENUE,5 AVENUE,,,ADDRESS,BROOKLYN,,N/A,Pending,10/04/2015 09:42:03 AM,09/04/2015 09:48:11 AM,06 BROOKLYN,BROOKLYN,989663,186295,Unspecified,BROOKLYN,Unspecified,Unspecified,Unspecified,Unspecified,Unspecified,Unspecified,Unspecified,Unspecified,Unspecified,N,,,,,,,,,,,,40.67801184544021,-73.98048471156775,"(40.67801184544021, -73.98048471156775)"
31464899,09/04/2015 12:00:00 AM,09/01/2015 12:00:00 AM,DOHMH,Department of Health and Mental Hygiene,Rodent,Rat Sighting,3+ Family Mixed Use Building,10474,541 COSTER STREET,COSTER STREET,OAK POINT AVENUE,RANDALL AVENUE,,,ADDRESS,BRONX,,N/A,Pending,10/04/2015 06:27:25 AM,09/04/2015 06:45:59 AM,02 BRONX,BRONX,1015658,234772,Unspecified,BRONX,Unspecified,Unspecified,Unspecified,Unspecified,Unspecified,Unspecified,Unspecified,Unspecified,Unspecified,N,,,,,,,,,,,,40.811014878117945,-73.8865395881634,"(40.811014878117945, -73.8865395881634)"
31464977,09/04/2015 12:00:00 AM,09/18/2015 12:00:00 AM,DOHMH,Department of Health and Mental Hygiene,Rodent,Rat Sighting,3+ Family Apt. Building,10468,135 EAST KINGSBRIDGE ROAD,EAST KINGSBRIDGE ROAD,CRESTON AVENUE,GRAND CONCOURSE,,,ADDRESS,BRONX,,N/A,Closed,10/04/2015 01:56:33 PM,09/18/2015 12:00:00 AM,07 BRONX,BRONX,1013284,254950,Unspecified,BRONX,Unspecified,Unspecified,Unspecified,Unspecified,Unspecified,Unspecified,Unspecified,Unspecified,Unspecified,N,,,,,,,,,,,,40.86640570453644,-73.89502822968775,"(40.86640570453644, -73.89502822968775)"
31465664,09/04/2015 12:00:00 AM,09/14/2015 12:00:00 AM,DOHMH,Department of Health and Mental Hygiene,Rodent,Rat Sighting,3+ Family Apt. Building,11201,177 COLUMBIA HEIGHTS,COLUMBIA HEIGHTS,,,,,LATLONG,BROOKLYN,,N/A,Closed,10/04/2015 06:50:25 PM,09/14/2015 12:00:00 AM,Unspecified BROOKLYN,BROOKLYN,985177,193259,Unspecified,BROOKLYN,Unspecified,Unspecified,Unspecified,Unspecified,Unspecified,Unspecified,Unspecified,Unspecified,Unspecified,N,,,,,,,,,,,,40.6971280345472,-73.99665696299859,"(40.6971280345472, -73.99665696299859)"
31465666,09/04/2015 12:00:00 AM,09/16/2015 12:00:00 AM,DOHMH,Department of Health and Mental Hygiene,Rodent,Rat Sighting,3+ Family Apt. Building,10034,4915 BROADWAY,BROADWAY,WEST 204 STREET,WEST 207 STREET,,,ADDRESS,NEW YORK,,N/A,Closed,10/04/2015 01:22:21 PM,09/16/2015 12:00:00 AM,12 MANHATTAN,MANHATTAN,1005817,255309,Unspecified,MANHATTAN,Unspecified,Unspecified,Unspecified,Unspecified,Unspecified,Unspecified,Unspecified,Unspecified,Unspecified,N,,,,,,,,,,,,40.86741245151251,-73.92202382717221,"(40.86741245151251, -73.92202382717221)"
31465667,09/04/2015 12:00:00 AM,09/10/2015 02:35:27 PM,DOHMH,Department of Health and Mental Hygiene,Rodent,Rat Sighting,3+ Family Apt. Building,10458,2644 MARION AVENUE,MARION AVENUE,EAST 194 STREET,EAST 195 STREET,,,ADDRESS,BRONX,,N/A,Closed,10/04/2015 07:12:18 PM,09/10/2015 02:35:27 PM,07 BRONX,BRONX,1014428,254260,Unspecified,BRONX,Unspecified,Unspecified,Unspecified,Unspecified,Unspecified,Unspecified,Unspecified,Unspecified,Unspecified,N,,,,,,,,,,,,40.86450802846447,-73.89089523494967,"(40.86450802846447, -73.89089523494967)"
31465721,09/04/2015 12:00:00 AM,09/28/2015 12:00:00 AM,DOHMH,Department of Health and Mental Hygiene,Rodent,Rat Sighting,1-2 Family Dwelling,11363,344 MANOR ROAD,MANOR ROAD,EAST DRIVE,DOUGLAS ROAD,,,ADDRESS,Little Neck,,N/A,Closed,10/04/2015 12:25:09 PM,09/28/2015 12:00:00 AM,11 QUEENS,QUEENS,1054264,222458,Unspecified,QUEENS,Unspecified,Unspecified,Unspecified,Unspecified,Unspecified,Unspecified,Unspecified,Unspecified,Unspecified,N,,,,,,,,,,,,40.77699482003529,-73.7472055635315,"(40.77699482003529, -73.7472055635315)"
31465722,09/04/2015 12:00:00 AM,09/04/2015 12:00:00 AM,DOHMH,Department of Health and Mental Hygiene,Rodent,Rat Sighting,3+ Family Apt. Building,10457,2239 ADAMS PLACE,ADAMS PLACE,EAST 182 STREET,EAST 183 STREET,,,ADDRESS,BRONX,,N/A,Closed,10/04/2015 04:03:52 PM,09/04/2015 04:10:44 PM,06 BRONX,BRONX,1014888,249826,Unspecified,BRONX,Unspecified,Unspecified,Unspecified,Unspecified,Unspecified,Unspecified,Unspecified,Unspecified,Unspecified,N,,,,,,,,,,,,40.85233645353915,-73.88925243168333,"(40.85233645353915, -73.88925243168333)"
31465723,09/04/2015 12:00:00 AM,08/21/2015 04:34:05 PM,DOHMH,Department of Health and Mental Hygiene,Rodent,Rat Sighting,Commercial Building,11238,15 BUTLER PLACE,BUTLER PLACE,PLAZA STREET,STERLING PLACE,,,ADDRESS,BROOKLYN,,N/A,Pending,10/04/2015 10:16:29 AM,09/04/2015 10:28:01 AM,08 BROOKLYN,BROOKLYN,993000,185202,Unspecified,BROOKLYN,Unspecified,Unspecified,Unspecified,Unspecified,Unspecified,Unspecified,Unspecified,Unspecified,Unspecified,N,,,,,,,,,,,,40.67500913771952,-73.9684553689256,"(40.67500913771952, -73.9684553689256)"
31465787,09/04/2015 12:00:00 AM,07/22/2015 12:00:00 AM,DOHMH,Department of Health and Mental Hygiene,Rodent,Rat Sighting,1-2 Family Dwelling,11215,456 5 STREET,5 STREET,6 AVENUE,7 AVENUE,,,ADDRESS,BROOKLYN,,N/A,Pending,10/04/2015 02:08:23 PM,09/04/2015 02:10:30 PM,06 BROOKLYN,BROOKLYN,989671,183279,Unspecified,BROOKLYN,Unspecified,Unspecified,Unspecified,Unspecified,Unspecified,Unspecified,Unspecified,Unspecified,Unspecified,N,,,,,,,,,,,,40.66973359862118,-73.98045829518321,"(40.66973359862118, -73.98045829518321)"
31466360,09/05/2015 12:00:00 AM,09/10/2015 12:00:00 AM,DOHMH,Department of Health and Mental Hygiene,Rodent,Rat Sighting,Vacant Lot,10453,,,,,MORTON PLACE,UNIVERSITY AVENUE,INTERSECTION,BRONX,,N/A,Closed,10/05/2015 09:37:02 AM,09/10/2015 12:00:00 AM,05 BRONX,BRONX,1007801,249348,Unspecified,BRONX,Unspecified,Unspecified,Unspecified,Unspecified,Unspecified,Unspecified,Unspecified,Unspecified,Unspecified,N,,,,,,,,,,,,40.851046234124794,-73.91487156130975,"(40.851046234124794, -73.91487156130975)"
31466388,09/05/2015 12:00:00 AM,09/09/2015 12:00:00 AM,DOHMH,Department of Health and Mental Hygiene,Rodent,Rat Sighting,3+ Family Apt. Building,10472,1420 HARROD AVENUE,HARROD AVENUE,EAST 174 STREET,CROSS BRONX EXPRESSWAY,,,ADDRESS,BRONX,,N/A,Closed,10/05/2015 08:58:30 PM,09/09/2015 12:00:00 AM,09 BRONX,BRONX,1018891,243321,Unspecified,BRONX,Unspecified,Unspecified,Unspecified,Unspecified,Unspecified,Unspecified,Unspecified,Unspecified,Unspecified,N,,,,,,,,,,,,40.83446735296425,-73.87481635822843,"(40.83446735296425, -73.87481635822843)"
31467192,09/05/2015 12:00:00 AM,09/17/2015 12:00:00 AM,DOHMH,Department of Health and Mental Hygiene,Rodent,Rat Sighting,1-2 Family Dwelling,11361,211-49 45 DRIVE,45 DRIVE,211 STREET,BELL BOULEVARD,,,ADDRESS,Bayside,,N/A,Closed,10/05/2015 01:40:03 PM,09/17/2015 12:00:00 AM,11 QUEENS,QUEENS,1047761,215670,Unspecified,QUEENS,Unspecified,Unspecified,Unspecified,Unspecified,Unspecified,Unspecified,Unspecified,Unspecified,Unspecified,N,,,,,,,,,,,,40.758412702764474,-73.77074950009586,"(40.758412702764474, -73.77074950009586)"
31467223,09/05/2015 12:00:00 AM,09/10/2015 04:30:40 PM,DOHMH,Department of Health and Mental Hygiene,Rodent,Rat Sighting,Other (Explain Below),10468,2337 GRAND CONCOURSE,GRAND CONCOURSE,EAST 183 STREET,FIELD PLACE,,,ADDRESS,BRONX,,N/A,Closed,10/05/2015 07:05:29 AM,09/10/2015 04:30:40 PM,05 BRONX,BRONX,1012082,252034,Unspecified,BRONX,Unspecified,Unspecified,Unspecified,Unspecified,Unspecified,Unspecified,Unspecified,Unspecified,Unspecified,N,,,,,,,,,,,,40.85840604170503,-73.89938613893433,"(40.85840604170503, -73.89938613893433)"
31467230,09/05/2015 12:00:00 AM,09/22/2015 12:00:00 AM,DOHMH,Department of Health and Mental Hygiene,Rodent,Rat Sighting,1-2 Family Dwelling,10302,18 MONTELL STREET,MONTELL STREET,DECKER AVENUE,LA GRANGE PLACE,,,ADDRESS,STATEN ISLAND,,N/A,Closed,10/05/2015 06:29:53 PM,09/22/2015 12:00:00 AM,01 STATEN ISLAND,STATEN ISLAND,945996,168290,Unspecified,STATEN ISLAND,Unspecified,Unspecified,Unspecified,Unspecified,Unspecified,Unspecified,Unspecified,Unspecified,Unspecified,N,,,,,,,,,,,,40.628511108844286,-74.13781349312268,"(40.628511108844286, -74.13781349312268)"
31467245,09/05/2015 12:00:00 AM,07/27/2015 12:00:00 AM,DOHMH,Department of Health and Mental Hygiene,Rodent,Rat Sighting,3+ Family Apt. Building,10035,149 EAST  118 STREET,EAST  118 STREET,LEXINGTON AVENUE,3 AVENUE,,,ADDRESS,NEW YORK,,N/A,Pending,10/05/2015 01:38:27 PM,09/05/2015 01:47:57 PM,11 MANHATTAN,MANHATTAN,1000780,230666,Unspecified,MANHATTAN,Unspecified,Unspecified,Unspecified,Unspecified,Unspecified,Unspecified,Unspecified,Unspecified,Unspecified,N,,,,,,,,,,,,40.79978540680687,-73.94029598058023,"(40.79978540680687, -73.94029598058023)"
31467251,09/05/2015 12:00:00 AM,09/09/2015 12:00:00 AM,DOHMH,Department of Health and Mental Hygiene,Rodent,Rat Sighting,Construction Site,11215,566 CARROLL STREET,CARROLL STREET,4 AVENUE,5 AVENUE,,,ADDRESS,BROOKLYN,,N/A,Closed,10/05/2015 05:59:01 PM,09/09/2015 12:00:00 AM,06 BROOKLYN,BROOKLYN,988907,185515,Unspecified,BROOKLYN,Unspecified,Unspecified,Unspecified,Unspecified,Unspecified,Unspecified,Unspecified,Unspecified,Unspecified,N,,,,,,,,,,,,40.675871351588924,-73.98321082927473,"(40.675871351588924, -73.98321082927473)"
31468004,09/05/2015 12:00:00 AM,09/10/2015 04:31:48 PM,DOHMH,Department of Health and Mental Hygiene,Rodent,Rat Sighting,3+ Family Apt. Building,10458,2454 TIEBOUT AVENUE,TIEBOUT AVENUE,EAST 187 STREET,EAST 188 STREET,,,ADDRESS,BRONX,,N/A,Closed,10/05/2015 11:37:44 AM,09/10/2015 04:31:48 PM,05 BRONX,BRONX,1013166,252800,Unspecified,BRONX,Unspecified,Unspecified,Unspecified,Unspecified,Unspecified,Unspecified,Unspecified,Unspecified,Unspecified,N,,,,,,,,,,,,40.860504996166966,-73.89546413199993,"(40.860504996166966, -73.89546413199993)"
31468015,09/05/2015 12:00:00 AM,11/06/2015 12:00:00 AM,DOHMH,Department of Health and Mental Hygiene,Rodent,Rat Sighting,Hospital,11212,,,,,AMBOY STREET,LINDEN BOULEVARD,INTERSECTION,BROOKLYN,,N/A,Closed,10/05/2015 06:25:24 PM,11/06/2015 12:00:00 AM,16 BROOKLYN,BROOKLYN,1009025,177624,Unspecified,BROOKLYN,Unspecified,Unspecified,Unspecified,Unspecified,Unspecified,Unspecified,Unspecified,Unspecified,Unspecified,N,,,,,,,,,,,,40.65417887501159,-73.9107115042918,"(40.65417887501159, -73.9107115042918)"
31468100,09/05/2015 12:00:00 AM,,DOHMH,Department of Health and Mental Hygiene,Rodent,Rat Sighting,1-2 Family Dwelling,11207,556 CENTRAL AVENUE,CENTRAL AVENUE,,,,,LATLONG,BROOKLYN,,N/A,Assigned,10/05/2015 06:59:27 PM,09/05/2015 07:03:49 PM,Unspecified BROOKLYN,BROOKLYN,1008741,190730,Unspecified,BROOKLYN,Unspecified,Unspecified,Unspecified,Unspecified,Unspecified,Unspecified,Unspecified,Unspecified,Unspecified,N,,,,,,,,,,,,40.690152677889245,-73.91168741324861,"(40.690152677889245, -73.91168741324861)"
31468121,09/05/2015 12:00:00 AM,10/16/2015 12:00:00 AM,DOHMH,Department of Health and Mental Hygiene,Rodent,Rat Sighting,3+ Family Apt. Building,10011,156 WEST   20 STREET,WEST   20 STREET,AVENUE OF THE AMERICAS,7 AVENUE,,,ADDRESS,NEW YORK,,N/A,Closed,10/05/2015 09:52:50 PM,10/16/2015 12:00:00 AM,04 MANHATTAN,MANHATTAN,985433,209491,Unspecified,MANHATTAN,Unspecified,Unspecified,Unspecified,Unspecified,Unspecified,Unspecified,Unspecified,Unspecified,Unspecified,N,,,,,,,,,,,,40.741680936440744,-73.99573089820112,"(40.741680936440744, -73.99573089820112)"
31468153,09/05/2015 12:00:00 AM,09/09/2015 04:19:27 PM,DOHMH,Department of Health and Mental Hygiene,Rodent,Rat Sighting,1-2 Family Dwelling,11385,59-05 DECATUR STREET,DECATUR STREET,,,,,LATLONG,RIDGEWOOD,,N/A,Closed,10/05/2015 04:15:56 PM,09/09/2015 04:19:27 PM,Unspecified QUEENS,QUEENS,1012707,193995,Unspecified,QUEENS,Unspecified,Unspecified,Unspecified,Unspecified,Unspecified,Unspecified,Unspecified,Unspecified,Unspecified,N,,,,,,,,,,,,40.699102476684146,-73.8973725532681,"(40.699102476684146, -73.8973725532681)"
31468177,09/05/2015 12:00:00 AM,09/18/2015 12:00:00 AM,DOHMH,Department of Health and Mental Hygiene,Rodent,Rat Sighting,Other (Explain Below),10007,,,,,LAFAYETTE STREET,DUANE STREET,INTERSECTION,NEW YORK,,N/A,Closed,10/05/2015 10:45:28 PM,09/18/2015 12:00:00 AM,01 MANHATTAN,MANHATTAN,983306,199461,Unspecified,MANHATTAN,Unspecified,Unspecified,Unspecified,Unspecified,Unspecified,Unspecified,Unspecified,Unspecified,Unspecified,N,,,,,,,,,,,,40.71415106104559,-74.00340521349969,"(40.71415106104559, -74.00340521349969)"
31468894,09/05/2015 12:00:00 AM,09/09/2015 12:00:00 AM,DOHMH,Department of Health and Mental Hygiene,Rodent,Rat Sighting,Other (Explain Below),10026,2082 FREDERICK DOUGLASS BOULEVARD,FREDERICK DOUGLASS BOULEVARD,WEST 112 STREET,WEST 113 STREET,,,ADDRESS,NEW YORK,,N/A,Closed,10/05/2015 10:37:38 PM,09/09/2015 12:00:00 AM,10 MANHATTAN,MANHATTAN,996173,231563,Unspecified,MANHATTAN,Unspecified,Unspecified,Unspecified,Unspecified,Unspecified,Unspecified,Unspecified,Unspecified,Unspecified,N,,,,,,,,,,,,40.80225484364876,-73.95693421623459,"(40.80225484364876, -73.95693421623459)"
31468978,09/05/2015 12:00:00 AM,,DOHMH,Department of Health and Mental Hygiene,Rodent,Rat Sighting,1-2 Family Dwelling,11207,558 CENTRAL AVENUE,CENTRAL AVENUE,,,,,LATLONG,BROOKLYN,,N/A,Assigned,10/05/2015 07:00:18 PM,09/05/2015 07:03:51 PM,Unspecified BROOKLYN,BROOKLYN,1008757,190718,Unspecified,BROOKLYN,Unspecified,Unspecified,Unspecified,Unspecified,Unspecified,Unspecified,Unspecified,Unspecified,Unspecified,N,,,,,,,,,,,,40.69011969637946,-73.91162976222058,"(40.69011969637946, -73.91162976222058)"
31468979,09/05/2015 12:00:00 AM,09/09/2015 12:00:00 AM,DOHMH,Department of Health and Mental Hygiene,Rodent,Rat Sighting,Other (Explain Below),10027,147 WEST 123RD STREET,WEST 123RD STREET,,,,,LATLONG,NEW YORK,,N/A,Closed,10/05/2015 09:57:02 PM,09/09/2015 12:00:00 AM,Unspecified MANHATTAN,MANHATTAN,998580,233466,Unspecified,MANHATTAN,Unspecified,Unspecified,Unspecified,Unspecified,Unspecified,Unspecified,Unspecified,Unspecified,Unspecified,N,,,,,,,,,,,,40.80747447820436,-73.94823609087399,"(40.80747447820436, -73.94823609087399)"
31469063,09/05/2015 12:00:00 AM,09/17/2015 12:00:00 AM,DOHMH,Department of Health and Mental Hygiene,Rodent,Rat Sighting,3+ Family Apt. Building,11203,874 LENOX ROAD,LENOX ROAD,EAST 53 STREET,EAST 54 STREET,,,ADDRESS,BROOKLYN,,N/A,Closed,10/05/2015 04:11:12 PM,09/17/2015 12:00:00 AM,17 BROOKLYN,BROOKLYN,1004462,178120,Unspecified,BROOKLYN,Unspecified,Unspecified,Unspecified,Unspecified,Unspecified,Unspecified,Unspecified,Unspecified,Unspecified,N,,,,,,,,,,,,40.65555187672257,-73.92715495002959,"(40.65555187672257, -73.92715495002959)"
31469075,09/05/2015 12:00:00 AM,10/21/2015 04:38:39 PM,DOHMH,Department of Health and Mental Hygiene,Rodent,Rat Sighting,1-2 Family Dwelling,11207,519 WARWICK STREET,WARWICK STREET,SUTTER AVENUE,BLAKE AVENUE,,,ADDRESS,BROOKLYN,,N/A,Closed,10/05/2015 11:27:53 AM,10/21/2015 04:38:39 PM,05 BROOKLYN,BROOKLYN,1016122,183598,Unspecified,BROOKLYN,Unspecified,Unspecified,Unspecified,Unspecified,Unspecified,Unspecified,Unspecified,Unspecified,Unspecified,N,,,,,,,,,,,,40.67055347082744,-73.88510587613689,"(40.67055347082744, -73.88510587613689)"
31469076,09/05/2015 12:00:00 AM,08/04/2015 12:00:00 AM,DOHMH,Department of Health and Mental Hygiene,Rodent,Rat Sighting,3+ Family Apt. Building,10026,312 WEST  114 STREET,WEST  114 STREET,8 AVENUE,MANHATTAN AVENUE,,,ADDRESS,NEW YORK,,N/A,Pending,10/05/2015 11:34:20 PM,09/05/2015 11:38:03 PM,10 MANHATTAN,MANHATTAN,996210,231947,Unspecified,MANHATTAN,Unspecified,Unspecified,Unspecified,Unspecified,Unspecified,Unspecified,Unspecified,Unspecified,Unspecified,N,,,,,,,,,,,,40.803308768196025,-73.95679988851664,"(40.803308768196025, -73.95679988851664)"
31469077,09/05/2015 12:00:00 AM,07/15/2015 12:00:00 AM,DOHMH,Department of Health and Mental Hygiene,Rodent,Rat Sighting,3+ Family Apt. Building,10460,1015 EAST  179 STREET,EAST  179 STREET,BRYANT AVENUE,BOSTON ROAD,,,ADDRESS,BRONX,,N/A,Pending,10/05/2015 11:03:55 PM,09/05/2015 11:11:58 PM,06 BRONX,BRONX,1017587,246019,Unspecified,BRONX,Unspecified,Unspecified,Unspecified,Unspecified,Unspecified,Unspecified,Unspecified,Unspecified,Unspecified,N,,,,,,,,,,,,40.84187759131721,-73.87951526156954,"(40.84187759131721, -73.87951526156954)"
31469081,09/05/2015 12:00:00 AM,09/22/2015 12:00:00 AM,DOHMH,Department of Health and Mental Hygiene,Rodent,Rat Sighting,Commercial Building,10027,WEST 120 STREET,WEST 120 STREET,ADAM CLAYTON POWELL BOULEVARD,ST NICHOLAS AVENUE,,,BLOCKFACE,NEW YORK,,N/A,Closed,10/05/2015 04:06:12 PM,09/22/2015 12:00:00 AM,Unspecified MANHATTAN,MANHATTAN,997594,233024,Unspecified,MANHATTAN,Unspecified,Unspecified,Unspecified,Unspecified,Unspecified,Unspecified,Unspecified,Unspecified,Unspecified,N,,,,,,,,,,,,40.80626285462481,-73.95179867241538,"(40.80626285462481, -73.95179867241538)"
31469760,09/05/2015 12:00:00 AM,09/30/2015 12:00:00 AM,DOHMH,Department of Health and Mental Hygiene,Rodent,Rat Sighting,Other (Explain Below),10002,185-191 DELANCEY ST,DELANCEY ST,,,,,LATLONG,NEW YORK,,N/A,Closed,10/05/2015 09:21:03 PM,09/30/2015 12:00:00 AM,Unspecified MANHATTAN,MANHATTAN,988475,200535,Unspecified,MANHATTAN,Unspecified,Unspecified,Unspecified,Unspecified,Unspecified,Unspecified,Unspecified,Unspecified,Unspecified,N,,,,,,,,,,,,40.717097975569665,-73.98475883133516,"(40.717097975569665, -73.98475883133516)"
31469762,09/05/2015 12:00:00 AM,07/13/2015 12:00:00 AM,DOHMH,Department of Health and Mental Hygiene,Rodent,Rat Sighting,3+ Family Mixed Use Building,10027,1467 AMSTERDAM AVENUE,AMSTERDAM AVENUE,WEST 131 STREET,WEST 133 STREET,,,ADDRESS,NEW YORK,,N/A,Pending,10/05/2015 01:09:03 PM,09/05/2015 01:11:59 PM,09 MANHATTAN,MANHATTAN,997128,237003,Unspecified,MANHATTAN,Unspecified,Unspecified,Unspecified,Unspecified,Unspecified,Unspecified,Unspecified,Unspecified,Unspecified,N,,,,,,,,,,,,40.81718479255649,-73.9534743279133,"(40.81718479255649, -73.9534743279133)"
31469878,09/05/2015 12:00:00 AM,09/25/2015 12:00:00 AM,DOHMH,Department of Health and Mental Hygiene,Rodent,Rat Sighting,3+ Family Mixed Use Building,10458,2427 WEBSTER AVENUE,WEBSTER AVENUE,EAST 187 STREET,EAST 188 STREET,,,ADDRESS,BRONX,,N/A,Closed,10/05/2015 05:27:34 PM,09/25/2015 12:00:00 AM,05 BRONX,BRONX,1013718,252440,Unspecified,BRONX,Unspecified,Unspecified,Unspecified,Unspecified,Unspecified,Unspecified,Unspecified,Unspecified,Unspecified,N,,,,,,,,,,,,40.85951507984732,-73.89347015025339,"(40.85951507984732, -73.89347015025339)"
31469902,09/05/2015 12:00:00 AM,,DOHMH,Department of Health and Mental Hygiene,Rodent,Rat Sighting,1-2 Family Dwelling,11208,710 SHEPHERD AVENUE,SHEPHERD AVENUE,NEW LOTS AVENUE,HEGEMAN AVENUE,,,ADDRESS,BROOKLYN,,N/A,Assigned,10/05/2015 06:47:50 PM,09/22/2015 09:49:30 AM,05 BROOKLYN,BROOKLYN,1017959,182258,Unspecified,BROOKLYN,Unspecified,Unspecified,Unspecified,Unspecified,Unspecified,Unspecified,Unspecified,Unspecified,Unspecified,N,,,,,,,,,,,,40.6668686693019,-73.8784904556752,"(40.6668686693019, -73.8784904556752)"
31470006,09/06/2015 12:00:00 AM,09/10/2015 12:00:00 AM,DOHMH,Department of Health and Mental Hygiene,Rodent,Rat Sighting,3+ Family Apt. Building,10027,232 WEST  120 STREET,WEST  120 STREET,7 AVENUE,ST NICHOLAS AVENUE,,,ADDRESS,NEW YORK,,N/A,Closed,10/05/2015 11:51:59 PM,09/10/2015 12:00:00 AM,10 MANHATTAN,MANHATTAN,997592,233022,Unspecified,MANHATTAN,Unspecified,Unspecified,Unspecified,Unspecified,Unspecified,Unspecified,Unspecified,Unspecified,Unspecified,N,,,,,,,,,,,,40.806257368197635,-73.95180590080824,"(40.806257368197635, -73.95180590080824)"
31470616,09/05/2015 12:00:00 AM,09/09/2015 12:00:00 AM,DOHMH,Department of Health and Mental Hygiene,Rodent,Rat Sighting,Construction Site,11215,566 CARROLL STREET,CARROLL STREET,4 AVENUE,5 AVENUE,,,ADDRESS,BROOKLYN,,N/A,Closed,10/05/2015 08:32:13 PM,09/09/2015 12:00:00 AM,06 BROOKLYN,BROOKLYN,988907,185515,Unspecified,BROOKLYN,Unspecified,Unspecified,Unspecified,Unspecified,Unspecified,Unspecified,Unspecified,Unspecified,Unspecified,N,,,,,,,,,,,,40.675871351588924,-73.98321082927473,"(40.675871351588924, -73.98321082927473)"
31470628,09/05/2015 12:00:00 AM,09/14/2015 12:00:00 AM,DOHMH,Department of Health and Mental Hygiene,Rodent,Rat Sighting,3+ Family Apt. Building,11378,53-49 72 PLACE,72 PLACE,53 ROAD,BEND,,,ADDRESS,Maspeth,,N/A,Closed,10/05/2015 07:15:16 PM,09/14/2015 12:00:00 AM,05 QUEENS,QUEENS,1014329,205237,Unspecified,QUEENS,Unspecified,Unspecified,Unspecified,Unspecified,Unspecified,Unspecified,Unspecified,Unspecified,Unspecified,N,,,,,,,,,,,,40.7299536926673,-73.8914727409871,"(40.7299536926673, -73.8914727409871)"
31470750,09/05/2015 12:00:00 AM,09/14/2015 12:00:00 AM,DOHMH,Department of Health and Mental Hygiene,Rodent,Rat Sighting,3+ Family Apt. Building,11201,177 COLUMBIA HEIGHTS,COLUMBIA HEIGHTS,,,,,LATLONG,BROOKLYN,,N/A,Closed,10/05/2015 01:33:18 PM,09/14/2015 12:00:00 AM,Unspecified BROOKLYN,BROOKLYN,985177,193259,Unspecified,BROOKLYN,Unspecified,Unspecified,Unspecified,Unspecified,Unspecified,Unspecified,Unspecified,Unspecified,Unspecified,N,,,,,,,,,,,,40.6971280345472,-73.99665696299859,"(40.6971280345472, -73.99665696299859)"
31470751,09/05/2015 12:00:00 AM,11/05/2015 12:00:00 AM,DOHMH,Department of Health and Mental Hygiene,Rodent,Rat Sighting,Commercial Building,10306,89 GUYON AVENUE,GUYON AVENUE,,,,,LATLONG,STATEN ISLAND,,N/A,Closed,10/05/2015 11:32:44 PM,11/05/2015 12:00:00 AM,Unspecified STATEN ISLAND,STATEN ISLAND,948769,145145,Unspecified,STATEN ISLAND,Unspecified,Unspecified,Unspecified,Unspecified,Unspecified,Unspecified,Unspecified,Unspecified,Unspecified,N,,,,,,,,,,,,40.56499436488313,-74.12770196794561,"(40.56499436488313, -74.12770196794561)"
31470754,09/06/2015 12:00:00 AM,09/21/2015 12:00:00 AM,DOHMH,Department of Health and Mental Hygiene,Rodent,Rat Sighting,Other (Explain Below),10037,2333 5 AVENUE,5 AVENUE,WEST 141 STREET,BEND,,,ADDRESS,NEW YORK,,N/A,Closed,10/06/2015 01:22:10 AM,09/21/2015 12:00:00 AM,11 MANHATTAN,MANHATTAN,1002321,236854,Unspecified,MANHATTAN,Unspecified,Unspecified,Unspecified,Unspecified,Unspecified,Unspecified,Unspecified,Unspecified,Unspecified,N,,,,,,,,,,,,40.816766732715145,-73.93471345108132,"(40.816766732715145, -73.93471345108132)"
31470773,09/05/2015 12:00:00 AM,09/22/2015 12:00:00 AM,DOHMH,Department of Health and Mental Hygiene,Rodent,Rat Sighting,Vacant Lot,10461,1863 LURTING AVENUE,LURTING AVENUE,MORRIS PARK AVENUE,RHINELANDER AVENUE,,,ADDRESS,BRONX,,N/A,Closed,10/05/2015 04:35:40 PM,09/22/2015 12:00:00 AM,11 BRONX,BRONX,1024428,249113,Unspecified,BRONX,Unspecified,Unspecified,Unspecified,Unspecified,Unspecified,Unspecified,Unspecified,Unspecified,Unspecified,N,,,,,,,,,,,,40.85034122410502,-73.85477240091365,"(40.85034122410502, -73.85477240091365)"
31470776,09/05/2015 12:00:00 AM,09/18/2015 12:00:00 AM,DOHMH,Department of Health and Mental Hygiene,Rodent,Rat Sighting,Construction Site,11222,,,,,OAK STREET,WEST STREET,INTERSECTION,BROOKLYN,,N/A,Closed,10/05/2015 11:35:38 AM,09/18/2015 12:00:00 AM,01 BROOKLYN,BROOKLYN,995643,204367,Unspecified,BROOKLYN,Unspecified,Unspecified,Unspecified,Unspecified,Unspecified,Unspecified,Unspecified,Unspecified,Unspecified,N,,,,,,,,,,,,40.727609560994104,-73.9588946674607,"(40.727609560994104, -73.9588946674607)"
31471510,09/05/2015 12:00:00 AM,09/09/2015 01:00:55 PM,DOHMH,Department of Health and Mental Hygiene,Rodent,Rat Sighting,3+ Family Apt. Building,10474,539 COSTER STREET,COSTER STREET,,,,,LATLONG,BRONX,,N/A,Closed,10/05/2015 10:29:09 PM,09/09/2015 01:00:55 PM,Unspecified BRONX,BRONX,1015545,234964,Unspecified,BRONX,Unspecified,Unspecified,Unspecified,Unspecified,Unspecified,Unspecified,Unspecified,Unspecified,Unspecified,N,,,,,,,,,,,,40.81154226530331,-73.8869469015013,"(40.81154226530331, -73.8869469015013)"
31471511,09/05/2015 12:00:00 AM,10/01/2015 12:00:00 AM,DOHMH,Department of Health and Mental Hygiene,Rodent,Rat Sighting,3+ Family Apt. Building,10036,530 WEST   47 STREET,WEST   47 STREET,AMTRAK RAILROAD,11 AVENUE,,,ADDRESS,NEW YORK,,N/A,Closed,10/05/2015 04:02:02 PM,10/01/2015 12:00:00 AM,04 MANHATTAN,MANHATTAN,985745,217405,Unspecified,MANHATTAN,Unspecified,Unspecified,Unspecified,Unspecified,Unspecified,Unspecified,Unspecified,Unspecified,Unspecified,N,,,,,,,,,,,,40.763402814225294,-73.99460322173461,"(40.763402814225294, -73.99460322173461)"
31471512,09/05/2015 12:00:00 AM,09/09/2015 12:00:00 AM,DOHMH,Department of Health and Mental Hygiene,Rodent,Rat Sighting,1-2 Family Dwelling,10473,1806 PATTERSON AVENUE,PATTERSON AVENUE,BEACH AVENUE,TAYLOR AVENUE,,,ADDRESS,BRONX,,N/A,Closed,10/05/2015 08:29:55 PM,09/09/2015 12:00:00 AM,09 BRONX,BRONX,1022573,235446,Unspecified,BRONX,Unspecified,Unspecified,Unspecified,Unspecified,Unspecified,Unspecified,Unspecified,Unspecified,Unspecified,N,,,,,,,,,,,,40.81283752845732,-73.86155555794707,"(40.81283752845732, -73.86155555794707)"
31471513,09/05/2015 12:00:00 AM,09/18/2015 12:00:00 AM,DOHMH,Department of Health and Mental Hygiene,Rodent,Rat Sighting,1-2 Family Dwelling,11216,217 LEXINGTON AVENUE,LEXINGTON AVENUE,BEDFORD AVENUE,NOSTRAND AVENUE,,,ADDRESS,BROOKLYN,,N/A,Closed,10/05/2015 04:41:40 PM,09/18/2015 12:00:00 AM,03 BROOKLYN,BROOKLYN,997130,189712,Unspecified,BROOKLYN,Unspecified,Unspecified,Unspecified,Unspecified,Unspecified,Unspecified,Unspecified,Unspecified,Unspecified,N,,,,,,,,,,,,40.687383015728734,-73.9535576852,"(40.687383015728734, -73.9535576852)"
31471517,09/05/2015 12:00:00 AM,09/10/2015 12:00:00 AM,DOHMH,Department of Health and Mental Hygiene,Rodent,Rat Sighting,3+ Family Apt. Building,10460,2094 BOSTON ROAD,BOSTON ROAD,EAST 179 STREET,EAST 180 STREET,,,ADDRESS,BRONX,,N/A,Closed,10/05/2015 09:21:36 AM,09/10/2015 12:00:00 AM,06 BRONX,BRONX,1017913,246186,Unspecified,BRONX,Unspecified,Unspecified,Unspecified,Unspecified,Unspecified,Unspecified,Unspecified,Unspecified,Unspecified,N,,,,,,,,,,,,40.8423347203627,-73.8783362136519,"(40.8423347203627, -73.8783362136519)"
31471609,09/05/2015 12:00:00 AM,09/22/2015 12:00:00 AM,DOHMH,Department of Health and Mental Hygiene,Rodent,Rat Sighting,Construction Site,11215,565 CARROLL ST,CARROLL ST,,,,,LATLONG,BROOKLYN,,N/A,Closed,10/05/2015 06:39:01 PM,09/22/2015 12:00:00 AM,Unspecified BROOKLYN,BROOKLYN,989032,185526,Unspecified,BROOKLYN,Unspecified,Unspecified,Unspecified,Unspecified,Unspecified,Unspecified,Unspecified,Unspecified,Unspecified,N,,,,,,,,,,,,40.67590147746712,-73.98276017807571,"(40.67590147746712, -73.98276017807571)"
31471612,09/05/2015 12:00:00 AM,09/14/2015 03:42:53 PM,DOHMH,Department of Health and Mental Hygiene,Rodent,Rat Sighting,Other (Explain Below),11212,829 SARATOGA AVENUE,SARATOGA AVENUE,LIVONIA AVENUE,RIVERDALE AVENUE,,,ADDRESS,BROOKLYN,,N/A,Closed,10/05/2015 09:31:22 AM,09/14/2015 03:42:53 PM,16 BROOKLYN,BROOKLYN,1007783,179910,Unspecified,BROOKLYN,Unspecified,Unspecified,Unspecified,Unspecified,Unspecified,Unspecified,Unspecified,Unspecified,Unspecified,N,,,,,,,,,,,,40.660456828253864,-73.91517966161275,"(40.660456828253864, -73.91517966161275)"
31471732,09/05/2015 12:00:00 AM,09/22/2015 12:00:00 AM,DOHMH,Department of Health and Mental Hygiene,Rodent,Rat Sighting,Other (Explain Below),10024,CENTRAL PARK WEST,CENTRAL PARK WEST,,,,,LATLONG,NEW YORK,,N/A,Closed,10/05/2015 09:35:52 AM,09/22/2015 12:00:00 AM,Unspecified MANHATTAN,MANHATTAN,992597,225137,Unspecified,MANHATTAN,Unspecified,Unspecified,Unspecified,Unspecified,Unspecified,Unspecified,Unspecified,Unspecified,Unspecified,N,,,,,,,,,,,,40.78462131298514,-73.96985868588494,"(40.78462131298514, -73.96985868588494)"
31471739,09/06/2015 12:00:00 AM,09/23/2015 04:25:16 PM,DOHMH,Department of Health and Mental Hygiene,Rodent,Rat Sighting,3+ Family Apt. Building,11377,41-32 52 STREET,52 STREET,SKILLMAN AVENUE,43 AVENUE,,,ADDRESS,Woodside,,N/A,Closed,10/06/2015 01:06:18 AM,09/23/2015 04:25:16 PM,02 QUEENS,QUEENS,1008579,210929,Unspecified,QUEENS,Unspecified,Unspecified,Unspecified,Unspecified,Unspecified,Unspecified,Unspecified,Unspecified,Unspecified,N,,,,,,,,,,,,40.74559449995511,-73.9121985661502,"(40.74559449995511, -73.9121985661502)"
31472412,09/05/2015 12:00:00 AM,,DOHMH,Department of Health and Mental Hygiene,Rodent,Rat Sighting,1-2 Family Dwelling,11207,560 CENTRAL AVENUE,CENTRAL AVENUE,,,,,LATLONG,BROOKLYN,,N/A,Assigned,10/05/2015 07:04:06 PM,09/05/2015 07:08:20 PM,Unspecified BROOKLYN,BROOKLYN,1008774,190707,Unspecified,BROOKLYN,Unspecified,Unspecified,Unspecified,Unspecified,Unspecified,Unspecified,Unspecified,Unspecified,Unspecified,N,,,,,,,,,,,,40.6900894568382,-73.91156850169537,"(40.6900894568382, -73.91156850169537)"
31472413,09/05/2015 12:00:00 AM,09/08/2015 12:00:00 AM,DOHMH,Department of Health and Mental Hygiene,Rodent,Rat Sighting,3+ Family Apt. Building,10034,449 WEST 206TH STREET,WEST 206TH STREET,,,,,LATLONG,NEW YORK,,N/A,Closed,10/05/2015 09:08:25 AM,09/08/2015 12:00:00 AM,Unspecified MANHATTAN,MANHATTAN,1006722,253903,Unspecified,MANHATTAN,Unspecified,Unspecified,Unspecified,Unspecified,Unspecified,Unspecified,Unspecified,Unspecified,Unspecified,N,,,,,,,,,,,,40.86355115218052,-73.91875648751267,"(40.86355115218052, -73.91875648751267)"
31472418,09/05/2015 12:00:00 AM,07/15/2015 12:00:00 AM,DOHMH,Department of Health and Mental Hygiene,Rodent,Rat Sighting,3+ Family Apt. Building,10031,622 WEST  137 STREET,WEST  137 STREET,BROADWAY,RIVERSIDE DRIVE,,,ADDRESS,NEW YORK,,N/A,Pending,10/05/2015 08:18:06 PM,09/05/2015 08:24:01 PM,09 MANHATTAN,MANHATTAN,996757,238636,Unspecified,MANHATTAN,Unspecified,Unspecified,Unspecified,Unspecified,Unspecified,Unspecified,Unspecified,Unspecified,Unspecified,N,,,,,,,,,,,,40.821667450043606,-73.95481163398917,"(40.821667450043606, -73.95481163398917)"
31472488,09/05/2015 12:00:00 AM,09/16/2015 10:56:28 AM,DOHMH,Department of Health and Mental Hygiene,Rodent,Rat Sighting,3+ Family Apt. Building,10462,,,,,NEWBOLD AVENUE,CROSS BRONX EXPRESSWAY,INTERSECTION,BRONX,,N/A,Closed,10/05/2015 02:47:09 PM,09/16/2015 10:56:28 AM,Unspecified BRONX,BRONX,1023728,242633,Unspecified,BRONX,Unspecified,Unspecified,Unspecified,Unspecified,Unspecified,Unspecified,Unspecified,Unspecified,Unspecified,N,,,,,,,,,,,,40.83255869636164,-73.85734076553489,"(40.83255869636164, -73.85734076553489)"
31472489,09/05/2015 12:00:00 AM,09/22/2015 12:00:00 AM,DOHMH,Department of Health and Mental Hygiene,Rodent,Rat Sighting,3+ Family Mixed Use Building,11215,888 UNION STREET,UNION STREET,8 AVENUE,GRAND ARMY PLAZA OVAL,,,ADDRESS,BROOKLYN,,N/A,Closed,10/05/2015 12:38:37 PM,09/22/2015 12:00:00 AM,06 BROOKLYN,BROOKLYN,991960,184539,Unspecified,BROOKLYN,Unspecified,Unspecified,Unspecified,Unspecified,Unspecified,Unspecified,Unspecified,Unspecified,Unspecified,N,,,,,,,,,,,,40.67319031874151,-73.97220543178271,"(40.67319031874151, -73.97220543178271)"
31472585,09/05/2015 12:00:00 AM,09/30/2015 12:00:00 AM,DOHMH,Department of Health and Mental Hygiene,Rodent,Rat Sighting,1-2 Family Dwelling,10465,8 ALDEN PARK,ALDEN PARK,MILES AVENUE,BEND,,,ADDRESS,BRONX,,N/A,Closed,10/05/2015 04:15:19 PM,09/30/2015 12:00:00 AM,10 BRONX,BRONX,1037848,238777,Unspecified,BRONX,Unspecified,Unspecified,Unspecified,Unspecified,Unspecified,Unspecified,Unspecified,Unspecified,Unspecified,N,,,,,,,,,,,,40.82190069852954,-73.80634713389702,"(40.82190069852954, -73.80634713389702)"
31473337,09/06/2015 12:00:00 AM,09/17/2015 12:00:00 AM,DOHMH,Department of Health and Mental Hygiene,Rodent,Rat Sighting,Construction Site,11238,2-48 QUINCY ST,QUINCY ST,,,,,LATLONG,BROOKLYN,,N/A,Closed,10/06/2015 08:10:25 PM,09/17/2015 11:42:10 AM,Unspecified BROOKLYN,BROOKLYN,995007,189122,Unspecified,BROOKLYN,Unspecified,Unspecified,Unspecified,Unspecified,Unspecified,Unspecified,Unspecified,Unspecified,Unspecified,N,,,,,,,,,,,,40.68576643583268,-73.9612136753217,"(40.68576643583268, -73.9612136753217)"
31473349,09/06/2015 12:00:00 AM,09/14/2015 12:00:00 AM,DOHMH,Department of Health and Mental Hygiene,Rodent,Rat Sighting,Parking Lot/Garage,10128,1 AVENUE,1 AVENUE,EAST 94 STREET,EAST 95 STREET,,,BLOCKFACE,NEW YORK,,N/A,Closed,10/06/2015 04:02:08 PM,09/14/2015 12:00:00 AM,Unspecified MANHATTAN,MANHATTAN,,,Unspecified,MANHATTAN,Unspecified,Unspecified,Unspecified,Unspecified,Unspecified,Unspecified,Unspecified,Unspecified,Unspecified,N,,,,,,,,,,,,,,
31473365,09/06/2015 12:00:00 AM,09/03/2015 12:00:00 AM,DOHMH,Department of Health and Mental Hygiene,Rodent,Rat Sighting,3+ Family Apt. Building,11238,258 ST JAMES PLACE,ST JAMES PLACE,FULTON STREET,LEFFERTS PLACE,,,ADDRESS,BROOKLYN,,N/A,Pending,10/06/2015 10:11:54 PM,09/03/2015 12:00:00 AM,02 BROOKLYN,BROOKLYN,994342,187931,Unspecified,BROOKLYN,Unspecified,Unspecified,Unspecified,Unspecified,Unspecified,Unspecified,Unspecified,Unspecified,Unspecified,N,,,,,,,,,,,,40.68249819610172,-73.96361323760219,"(40.68249819610172, -73.96361323760219)"
31473366,09/06/2015 12:00:00 AM,09/11/2015 12:00:00 AM,DOHMH,Department of Health and Mental Hygiene,Rodent,Rat Sighting,3+ Family Apt. Building,11225,430 LEFFERTS AVENUE,LEFFERTS AVENUE,NEW YORK AVENUE,BROOKLYN AVENUE,,,ADDRESS,BROOKLYN,,N/A,Closed,10/06/2015 11:50:09 PM,09/11/2015 12:00:00 AM,09 BROOKLYN,BROOKLYN,998964,180678,Unspecified,BROOKLYN,Unspecified,Unspecified,Unspecified,Unspecified,Unspecified,Unspecified,Unspecified,Unspecified,Unspecified,N,,,,,,,,,,,,40.66258386533533,-73.94696442711462,"(40.66258386533533, -73.94696442711462)"
31473390,09/06/2015 12:00:00 AM,,DOHMH,Department of Health and Mental Hygiene,Rodent,Rat Sighting,Vacant Lot,11207,,,,,MOFFAT STREET,BROADWAY,INTERSECTION,BROOKLYN,,N/A,Assigned,10/06/2015 04:59:15 PM,09/06/2015 05:06:30 PM,04 BROOKLYN,BROOKLYN,1008998,188158,Unspecified,BROOKLYN,Unspecified,Unspecified,Unspecified,Unspecified,Unspecified,Unspecified,Unspecified,Unspecified,Unspecified,N,,,,,,,,,,,,40.683092415737896,-73.91077013972507,"(40.683092415737896, -73.91077013972507)"
31474080,09/06/2015 12:00:00 AM,10/01/2015 12:00:00 AM,DOHMH,Department of Health and Mental Hygiene,Rodent,Rat Sighting,3+ Family Apt. Building,10014,2 SHERIDAN SQUARE,SHERIDAN SQUARE,WASHINGTON PLACE,WEST 4 STREET,,,ADDRESS,NEW YORK,,N/A,Closed,10/06/2015 11:26:47 AM,10/01/2015 12:00:00 AM,02 MANHATTAN,MANHATTAN,983707,206287,Unspecified,MANHATTAN,Unspecified,Unspecified,Unspecified,Unspecified,Unspecified,Unspecified,Unspecified,Unspecified,Unspecified,N,,,,,,,,,,,,40.73288681150958,-74.00195926994134,"(40.73288681150958, -74.00195926994134)"
31474096,09/06/2015 12:00:00 AM,10/26/2015 12:00:00 AM,DOHMH,Department of Health and Mental Hygiene,Rodent,Rat Sighting,1-2 Family Dwelling,10305,134 DONGAN HILLS AVENUE,DONGAN HILLS AVENUE,ZOE STREET,CLETUS STREET,,,ADDRESS,STATEN ISLAND,,N/A,Closed,10/06/2015 11:06:45 AM,10/26/2015 12:00:00 AM,02 STATEN ISLAND,STATEN ISLAND,957157,152991,Unspecified,STATEN ISLAND,Unspecified,Unspecified,Unspecified,Unspecified,Unspecified,Unspecified,Unspecified,Unspecified,Unspecified,N,,,,,,,,,,,,40.58655967761011,-74.09754364751566,"(40.58655967761011, -74.09754364751566)"
31474097,09/06/2015 12:00:00 AM,08/17/2015 12:00:00 AM,DOHMH,Department of Health and Mental Hygiene,Rodent,Rat Sighting,3+ Family Apt. Building,10013,552 BROOME STREET,BROOME STREET,AVENUE OF THE AMERICAS,VARICK STREET,,,ADDRESS,NEW YORK,,N/A,Pending,10/06/2015 11:11:29 PM,08/17/2015 12:00:00 AM,02 MANHATTAN,MANHATTAN,982693,203183,Unspecified,MANHATTAN,Unspecified,Unspecified,Unspecified,Unspecified,Unspecified,Unspecified,Unspecified,Unspecified,Unspecified,N,,,,,,,,,,,,40.72436696882649,-74.00561729890477,"(40.72436696882649, -74.00561729890477)"
31474101,09/06/2015 12:00:00 AM,09/10/2015 12:00:00 AM,DOHMH,Department of Health and Mental Hygiene,Rodent,Rat Sighting,3+ Family Apt. Building,10025,2720 BROADWAY,BROADWAY,AMSTERDAM AVENUE,BROADWAY,,,ADDRESS,NEW YORK,,N/A,Closed,10/06/2015 08:18:43 AM,09/10/2015 12:00:00 AM,07 MANHATTAN,MANHATTAN,993168,230637,Unspecified,MANHATTAN,Unspecified,Unspecified,Unspecified,Unspecified,Unspecified,Unspecified,Unspecified,Unspecified,Unspecified,N,,,,,,,,,,,,40.799716771024734,-73.9677894817318,"(40.799716771024734, -73.9677894817318)"
31474188,09/06/2015 12:00:00 AM,10/22/2015 04:37:33 PM,DOHMH,Department of Health and Mental Hygiene,Rodent,Rat Sighting,3+ Family Apt. Building,11213,877 EMPIRE BOULEVARD,EMPIRE BOULEVARD,SCHENECTADY AVENUE,UTICA AVENUE,,,ADDRESS,BROOKLYN,,N/A,Closed,10/06/2015 01:53:21 PM,10/22/2015 04:37:33 PM,09 BROOKLYN,BROOKLYN,1002787,181032,Unspecified,BROOKLYN,Unspecified,Unspecified,Unspecified,Unspecified,Unspecified,Unspecified,Unspecified,Unspecified,Unspecified,N,,,,,,,,,,,,40.6635483382565,-73.93318372538536,"(40.6635483382565, -73.93318372538536)"
31474663,09/06/2015 12:00:00 AM,09/14/2015 12:00:00 AM,DOHMH,Department of Health and Mental Hygiene,Rodent,Rat Sighting,3+ Family Apt. Building,10029,1952 1 AVENUE,1 AVENUE,EAST 100 STREET,EAST 101 STREET,,,ADDRESS,NEW YORK,,N/A,Closed,10/06/2015 06:58:16 PM,09/14/2015 12:00:00 AM,11 MANHATTAN,MANHATTAN,1000172,225733,Unspecified,MANHATTAN,Unspecified,Unspecified,Unspecified,Unspecified,Unspecified,Unspecified,Unspecified,Unspecified,Unspecified,N,,,,,,,,,,,,40.78624677331727,-73.9425036846096,"(40.78624677331727, -73.9425036846096)"
31474665,09/06/2015 12:00:00 AM,09/22/2015 12:00:00 AM,DOHMH,Department of Health and Mental Hygiene,Rodent,Rat Sighting,Other (Explain Below),10024,,,,,COLUMBUS AVENUE,WEST 81 STREET,INTERSECTION,NEW YORK,,N/A,Closed,10/06/2015 07:16:01 PM,09/22/2015 12:00:00 AM,07 MANHATTAN,MANHATTAN,991301,224634,Unspecified,MANHATTAN,Unspecified,Unspecified,Unspecified,Unspecified,Unspecified,Unspecified,Unspecified,Unspecified,Unspecified,N,,,,,,,,,,,,40.78324184088992,-73.97453911566674,"(40.78324184088992, -73.97453911566674)"
31474749,09/06/2015 12:00:00 AM,,DOHMH,Department of Health and Mental Hygiene,Rodent,Rat Sighting,Commercial Building,10473,845 WHITE PLAINS ROAD,WHITE PLAINS ROAD,TURNBULL AVENUE,STORY AVENUE,,,ADDRESS,BRONX,,N/A,Assigned,10/06/2015 03:31:26 PM,09/10/2015 08:41:22 AM,09 BRONX,BRONX,1023343,239511,Unspecified,BRONX,Unspecified,Unspecified,Unspecified,Unspecified,Unspecified,Unspecified,Unspecified,Unspecified,Unspecified,N,,,,,,,,,,,,40.82399142202968,-73.8587502058278,"(40.82399142202968, -73.8587502058278)"
31474755,09/06/2015 12:00:00 AM,10/02/2015 12:00:00 AM,DOHMH,Department of Health and Mental Hygiene,Rodent,Rat Sighting,Other (Explain Below),10309,,,,,ALVERSON AVENUE,MORRIS STREET,INTERSECTION,STATEN ISLAND,,N/A,Closed,10/06/2015 08:22:24 PM,10/02/2015 12:00:00 AM,03 STATEN ISLAND,STATEN ISLAND,925781,141103,Unspecified,STATEN ISLAND,Unspecified,Unspecified,Unspecified,Unspecified,Unspecified,Unspecified,Unspecified,Unspecified,Unspecified,N,,,,,,,,,,,,40.55377810042767,-74.21040437062774,"(40.55377810042767, -74.21040437062774)"
31474821,09/06/2015 12:00:00 AM,09/17/2015 12:00:00 AM,DOHMH,Department of Health and Mental Hygiene,Rodent,Rat Sighting,3+ Family Apt. Building,10034,512-540 W 204TH ST,W 204TH ST,,,,,LATLONG,NEW YORK,,N/A,Closed,10/06/2015 07:11:06 PM,09/17/2015 12:00:00 AM,Unspecified MANHATTAN,MANHATTAN,1006144,253875,Unspecified,MANHATTAN,Unspecified,Unspecified,Unspecified,Unspecified,Unspecified,Unspecified,Unspecified,Unspecified,Unspecified,N,,,,,,,,,,,,40.863475753122316,-73.9208462338578,"(40.863475753122316, -73.9208462338578)"
31474833,09/06/2015 12:00:00 AM,,DOHMH,Department of Health and Mental Hygiene,Rodent,Rat Sighting,Other (Explain Below),11215,3 STREET,3 STREET,4 AVENUE,5 AVENUE,,,BLOCKFACE,BROOKLYN,,N/A,Assigned,10/06/2015 08:15:11 PM,09/06/2015 08:23:46 PM,Unspecified BROOKLYN,BROOKLYN,988560,184603,Unspecified,BROOKLYN,Unspecified,Unspecified,Unspecified,Unspecified,Unspecified,Unspecified,Unspecified,Unspecified,Unspecified,N,,,,,,,,,,,,40.673368292577294,-73.98446239853368,"(40.673368292577294, -73.98446239853368)"
31474837,09/06/2015 12:00:00 AM,08/05/2015 12:00:00 AM,DOHMH,Department of Health and Mental Hygiene,Rodent,Rat Sighting,3+ Family Apt. Building,10033,700 WEST  176 STREET,WEST  176 STREET,BROADWAY,FT WASHINGTON AVENUE,,,ADDRESS,NEW YORK,,N/A,Pending,10/06/2015 11:37:41 AM,09/06/2015 11:41:48 AM,12 MANHATTAN,MANHATTAN,1001274,247849,Unspecified,MANHATTAN,Unspecified,Unspecified,Unspecified,Unspecified,Unspecified,Unspecified,Unspecified,Unspecified,Unspecified,N,,,,,,,,,,,,40.846946920225996,-73.93846812783478,"(40.846946920225996, -73.93846812783478)"
31475355,09/07/2015 12:00:00 AM,09/02/2015 12:00:00 AM,DOHMH,Department of Health and Mental Hygiene,Rodent,Rat Sighting,3+ Family Apt. Building,10002,153 NORFOLK STREET,NORFOLK STREET,,,,,LATLONG,NEW YORK,,N/A,Pending,10/07/2015 01:52:42 AM,09/07/2015 01:55:12 AM,Unspecified MANHATTAN,MANHATTAN,988027,201791,Unspecified,MANHATTAN,Unspecified,Unspecified,Unspecified,Unspecified,Unspecified,Unspecified,Unspecified,Unspecified,Unspecified,N,,,,,,,,,,,,40.72054559613203,-73.98637423151543,"(40.72054559613203, -73.98637423151543)"
31475357,09/06/2015 12:00:00 AM,09/14/2015 12:00:00 AM,DOHMH,Department of Health and Mental Hygiene,Rodent,Rat Sighting,3+ Family Apt. Building,11201,177 COLUMBIA HEIGHTS,COLUMBIA HEIGHTS,,,,,LATLONG,BROOKLYN,,N/A,Closed,10/06/2015 08:43:27 PM,09/14/2015 12:00:00 AM,Unspecified BROOKLYN,BROOKLYN,985177,193259,Unspecified,BROOKLYN,Unspecified,Unspecified,Unspecified,Unspecified,Unspecified,Unspecified,Unspecified,Unspecified,Unspecified,N,,,,,,,,,,,,40.6971280345472,-73.99665696299859,"(40.6971280345472, -73.99665696299859)"
31475358,09/07/2015 12:00:00 AM,09/17/2015 12:00:00 AM,DOHMH,Department of Health and Mental Hygiene,Rodent,Rat Sighting,Commercial Building,11230,1324 EAST 15TH STREET,EAST 15TH STREET,,,,,LATLONG,BROOKLYN,,N/A,Closed,10/07/2015 01:11:55 AM,09/17/2015 12:00:00 AM,Unspecified BROOKLYN,BROOKLYN,995304,164180,Unspecified,BROOKLYN,Unspecified,Unspecified,Unspecified,Unspecified,Unspecified,Unspecified,Unspecified,Unspecified,Unspecified,N,,,,,,,,,,,,40.61730571802479,-73.96018366581602,"(40.61730571802479, -73.96018366581602)"
31475359,09/07/2015 12:00:00 AM,09/28/2015 12:00:00 AM,DOHMH,Department of Health and Mental Hygiene,Rodent,Rat Sighting,Commercial Building,11249,57 SOUTH 5TH STREET,SOUTH 5TH STREET,,,,,LATLONG,BROOKLYN,,N/A,Closed,10/07/2015 01:24:04 AM,09/28/2015 12:00:00 AM,Unspecified BROOKLYN,BROOKLYN,993626,198770,Unspecified,BROOKLYN,Unspecified,Unspecified,Unspecified,Unspecified,Unspecified,Unspecified,Unspecified,Unspecified,Unspecified,N,,,,,,,,,,,,40.71224951316113,-73.96617969095891,"(40.71224951316113, -73.96617969095891)"
31475366,09/06/2015 12:00:00 AM,09/09/2015 12:00:00 AM,DOHMH,Department of Health and Mental Hygiene,Rodent,Rat Sighting,3+ Family Apt. Building,10128,332 EAST   90 STREET,EAST   90 STREET,2 AVENUE,1 AVENUE,,,ADDRESS,NEW YORK,,N/A,Closed,10/06/2015 12:56:56 PM,09/09/2015 12:00:00 AM,08 MANHATTAN,MANHATTAN,998377,223475,Unspecified,MANHATTAN,Unspecified,Unspecified,Unspecified,Unspecified,Unspecified,Unspecified,Unspecified,Unspecified,Unspecified,N,,,,,,,,,,,,40.78005221614714,-73.94899039871258,"(40.78005221614714, -73.94899039871258)"
31475482,09/06/2015 12:00:00 AM,09/22/2015 12:00:00 AM,DOHMH,Department of Health and Mental Hygiene,Rodent,Rat Sighting,3+ Family Apt. Building,10467,2817 BARKER AVENUE,BARKER AVENUE,BRITTON STREET,ARNOW AVENUE,,,ADDRESS,BRONX,,N/A,Closed,10/06/2015 09:48:09 PM,09/22/2015 12:00:00 AM,11 BRONX,BRONX,1020432,255122,Unspecified,BRONX,Unspecified,Unspecified,Unspecified,Unspecified,Unspecified,Unspecified,Unspecified,Unspecified,Unspecified,N,,,,,,,,,,,,40.86685138722828,-73.86918390331176,"(40.86685138722828, -73.86918390331176)"
31475486,09/06/2015 12:00:00 AM,08/18/2015 12:00:00 AM,DOHMH,Department of Health and Mental Hygiene,Rodent,Rat Sighting,Commercial Building,11237,1395 MYRTLE AVENUE,MYRTLE AVENUE,HIMROD STREET,HARMAN STREET,,,ADDRESS,BROOKLYN,,N/A,Pending,10/06/2015 07:14:23 PM,09/06/2015 07:17:19 PM,04 BROOKLYN,BROOKLYN,1006215,193791,Unspecified,BROOKLYN,Unspecified,Unspecified,Unspecified,Unspecified,Unspecified,Unspecified,Unspecified,Unspecified,Unspecified,N,,,,,,,,,,,,40.69856103965532,-73.92078598053241,"(40.69856103965532, -73.92078598053241)"
31475514,09/06/2015 12:00:00 AM,07/15/2015 12:00:00 AM,DOHMH,Department of Health and Mental Hygiene,Rodent,Rat Sighting,3+ Family Apt. Building,10031,602 WEST  137 STREET,WEST  137 STREET,BROADWAY,RIVERSIDE DRIVE,,,ADDRESS,NEW YORK,,N/A,Pending,10/06/2015 03:34:55 PM,09/06/2015 03:42:08 PM,09 MANHATTAN,MANHATTAN,996831,238595,Unspecified,MANHATTAN,Unspecified,Unspecified,Unspecified,Unspecified,Unspecified,Unspecified,Unspecified,Unspecified,Unspecified,N,,,,,,,,,,,,40.82155481156099,-73.95454434550449,"(40.82155481156099, -73.95454434550449)"
31476080,09/06/2015 12:00:00 AM,10/01/2015 08:45:17 AM,DOHMH,Department of Health and Mental Hygiene,Rodent,Rat Sighting,1-2 Family Dwelling,10464,210 CARROLL STREET,CARROLL STREET,MINNIEFORD AVENUE,DEEP WATER WAY,,,ADDRESS,BRONX,,N/A,Closed,10/06/2015 10:45:43 PM,10/01/2015 08:45:17 AM,10 BRONX,BRONX,1044082,247655,Unspecified,BRONX,Unspecified,Unspecified,Unspecified,Unspecified,Unspecified,Unspecified,Unspecified,Unspecified,Unspecified,N,,,,,,,,,,,,40.846228147578806,-73.78374420632285,"(40.846228147578806, -73.78374420632285)"
